Commande n°;Total produits
5446;122.670000
5446;122.670000
5446;122.670000
5446;122.670000
5447;135.340000
5447;135.340000
5448;64.020000
5448;64.020000
5448;64.020000
5449;56.700000
5450;177.160000
5450;177.160000
5450;177.160000
5450;177.160000
5450;177.160000
5451;153.600000
5451;153.600000
5452;95.640000
5452;95.640000
5453;262.080000
5453;262.080000
5453;262.080000
5453;262.080000
