Commande n°;Total payé réel;Total produits;Total transport;Prénom;Nom;Code pays de livraison
5415;132.650000;105.000000;6.590000;Claire;MARROCHIO;FR
5415;132.650000;105.000000;6.590000;Claire;MARROCHIO;FR
5408;32.540000;22.760000;5.260000;Laura;Massy;FR
5409;90.040000;68.040000;22.000000;Aurélie ;Renneville ;RE
5409;90.040000;68.040000;22.000000;Aurélie ;Renneville ;RE
5409;90.040000;68.040000;22.000000;Aurélie ;Renneville ;RE
